ID,"Class"
750,Comdet
751,Comdet
752,Comdet
753,Comdet
754,Comdet
755,Comdet
756,Comdet
757,Comdet
758,Comdet
759,Comdet
760,Comdet
761,Comdet
762,Comdet
763,Comdet
764,Comdet
765,Comdet
766,Comdet
767,Comdet
768,Comdet
769,Comdet
770,Comdet
771,Comdet
772,Comdet
773,Comdet
774,Comdet
775,Comdet
776,Comdet
777,Comdet
778,Comdet
779,Comdet
780,Comdet
781,Comdet
782,Comdet
783,Comdet
784,Comdet
785,Comdet
786,Comdet
787,Comdet
788,Comdet
789,Comdet
790,Comdet
791,Comdet
792,Comdet
793,Comdet
794,Comdet
795,Comdet
796,Comdet
797,Comdet
798,Comdet
799,Comdet
800,Comdet
801,Comdet
802,Comdet
803,Comdet
804,Comdet
805,Comdet
806,Comdet
807,Comdet
808,Comdet
809,Comdet
810,Comdet
811,Comdet
812,Comdet
813,Comdet
814,Comdet
815,Comdet
816,Comdet
817,Comdet
818,Comdet
819,Comdet
820,Comdet
821,Comdet
822,Comdet
823,Comdet
824,Comdet
825,Comdet
826,Comdet
827,Comdet
828,Comdet
829,Comdet
830,Comdet
831,Comdet
832,Comdet
833,Comdet
834,Comdet
835,Comdet
836,Comdet
837,Comdet
838,Comdet
839,Comdet
840,Comdet
841,Comdet
842,Comdet
843,Comdet
844,Comdet
845,Comdet
846,Comdet
847,Comdet
848,Comdet
849,Comdet
850,Comdet
851,Comdet
852,Comdet
853,Comdet
854,Comdet
855,Comdet
856,Comdet
857,Comdet
858,Comdet
859,Comdet
860,Comdet
861,Comdet
862,Comdet
863,Comdet
864,Comdet
865,Comdet
866,Comdet
867,Comdet
868,Comdet
869,Comdet
870,Comdet
871,Comdet
872,Comdet
873,Comdet
874,Comdet
875,Comdet
876,Comdet
877,Comdet
878,Comdet
879,Comdet
880,Comdet
881,Comdet
882,Comdet
883,Comdet
884,Comdet
885,Comdet
886,Comdet
887,Comdet
888,Comdet
889,Comdet
890,Comdet
891,Comdet
892,Comdet
893,Comdet
894,Comdet
895,Comdet
896,Comdet
897,Comdet
898,Comdet
899,Comdet
900,Comdet
901,Comdet
902,Comdet
903,Comdet
904,Comdet
905,Comdet
906,Comdet
907,Comdet
908,Comdet
909,Comdet
910,Comdet
911,Comdet
912,Comdet
913,Comdet
914,Comdet
915,Comdet
916,Comdet
917,Comdet
918,Comdet
919,Comdet
920,Comdet
921,Comdet
922,Comdet
923,Comdet
924,Comdet
925,Comdet
926,Comdet
927,Comdet
928,Comdet
929,Comdet
930,Comdet
931,Comdet
932,Comdet
933,Comdet
934,Comdet
935,Comdet
936,Comdet
937,Comdet
938,Comdet
939,Comdet
940,Comdet
941,Comdet
942,Comdet
943,Comdet
944,Comdet
945,Comdet
946,Comdet
947,Comdet
948,Comdet
949,Comdet
950,Comdet
951,Comdet
952,Comdet
953,Comdet
954,Comdet
955,Comdet
956,Comdet
957,Comdet
958,Comdet
959,Comdet
960,Comdet
961,Comdet
962,Comdet
963,Comdet
964,Comdet
965,Comdet
966,Comdet
967,Comdet
968,Comdet
969,Comdet
970,Comdet
971,Comdet
972,Comdet
973,Comdet
974,Comdet
975,Comdet
976,Comdet
977,Comdet
978,Comdet
979,Comdet
980,Comdet
981,Comdet
982,Comdet
983,Comdet
984,Comdet
985,Comdet
986,Comdet
987,Comdet
988,Comdet
989,Comdet
990,Comdet
991,Comdet
992,Comdet
993,Comdet
994,Comdet
995,Comdet
996,Comdet
997,Comdet
998,Comdet
999,Comdet
1000,Comdet
1001,Comdet
1002,Comdet
1003,Comdet
1004,Comdet
1005,Comdet
1006,Comdet
1007,Comdet
1008,Comdet
1009,Comdet
1010,Comdet
1011,Comdet
1012,Comdet
1013,Comdet
1014,Comdet
1015,Comdet
1016,Comdet
1017,Comdet
1018,Comdet
1019,Comdet
1020,Comdet
1021,Comdet
1022,Comdet
1023,Comdet
1024,Comdet
1025,Comdet
1026,Comdet
1027,Comdet
1028,Comdet
1029,Comdet
1030,Comdet
1031,Comdet
1032,Comdet
1033,Comdet
1034,Comdet
1035,Comdet
1036,Comdet
1037,Comdet
1038,Comdet
1039,Comdet
1040,Comdet
1041,Comdet
1042,Comdet
1043,Comdet
1044,Comdet
1045,Comdet
1046,Comdet
1047,Comdet
1048,Comdet
1049,Comdet
1050,Comdet
1051,Comdet
1052,Comdet
1053,Comdet
1054,Comdet
1055,Comdet
1056,Comdet
1057,Comdet
1058,Comdet
1059,Comdet
1060,Comdet
1061,Comdet
1062,Comdet
1063,Comdet
1064,Comdet
1065,Comdet
1066,Comdet
1067,Comdet
1068,Comdet
1069,Comdet
1070,Comdet
1071,Comdet
1072,Comdet
1073,Comdet
1074,Comdet
1075,Comdet
1076,Comdet
1077,Comdet
1078,Comdet
1079,Comdet
1080,Comdet
1081,Comdet
1082,Comdet
1083,Comdet
1084,Comdet
1085,Comdet
1086,Comdet
1087,Comdet
1088,Comdet
1089,Comdet
1090,Comdet
1091,Comdet
1092,Comdet
1093,Comdet
1094,Comdet
1095,Comdet
1096,Comdet
1097,Comdet
1098,Comdet
1099,Comdet
1100,Comdet
1101,Comdet
1102,Comdet
1103,Comdet
1104,Comdet
1105,Comdet
1106,Comdet
1107,Comdet
1108,Comdet
1109,Comdet
1110,Comdet
1111,Comdet
1112,Comdet
1113,Comdet
1114,Comdet
1115,Comdet
1116,Comdet
1117,Comdet
1118,Comdet
1119,Comdet
1120,Comdet
1121,Comdet
1122,Comdet
1123,Comdet
1124,Comdet
1125,Comdet
1126,Comdet
1127,Comdet
1128,Comdet
1129,Comdet
1130,Comdet
1131,Comdet
1132,Comdet
1133,Comdet
1134,Comdet
1135,Comdet
1136,Comdet
1137,Comdet
1138,Comdet
1139,Comdet
1140,Comdet
1141,Comdet
1142,Comdet
1143,Comdet
1144,Comdet
1145,Comdet
1146,Comdet
1147,Comdet
1148,Comdet
1149,Comdet
1150,Comdet
1151,Comdet
1152,Comdet
1153,Comdet
1154,Comdet
1155,Comdet
1156,Comdet
1157,Comdet
1158,Comdet
1159,Comdet
1160,Comdet
1161,Comdet
1162,Comdet
1163,Comdet
1164,Comdet
1165,Comdet
1166,Comdet
1167,Comdet
1168,Comdet
1169,Comdet
1170,Comdet
1171,Comdet
1172,Comdet
1173,Comdet
1174,Comdet
1175,Comdet
1176,Comdet
1177,Comdet
1178,Comdet
1179,Comdet
1180,Comdet
1181,Comdet
1182,Comdet
1183,Comdet
1184,Comdet
1185,Comdet
1186,Comdet
1187,Comdet
1188,Comdet
1189,Comdet
1190,Comdet
1191,Comdet
1192,Comdet
1193,Comdet
1194,Comdet
1195,Comdet
1196,Comdet
1197,Comdet
1198,Comdet
1199,Comdet
1200,Comdet
1201,Comdet
1202,Comdet
1203,Comdet
1204,Comdet
1205,Comdet
1206,Comdet
1207,Comdet
1208,Comdet
1209,Comdet
1210,Comdet
1211,Comdet
1212,Comdet
1213,Comdet
1214,Comdet
1215,Comdet
1216,Comdet
1217,Comdet
1218,Comdet
1219,Comdet
1220,Comdet
1221,Comdet
1222,Comdet
1223,Comdet
1224,Comdet
1225,Comdet
1226,Comdet
1227,Comdet
1228,Comdet
1229,Comdet
1230,Comdet
1231,Comdet
1232,Comdet
1233,Comdet
1234,Comdet
1235,Comdet
1236,Comdet
1237,Comdet
1238,Comdet
1239,Comdet
1240,Comdet
1241,Comdet
1242,Comdet
1243,Comdet
1244,Comdet
1245,Comdet
1246,Comdet
1247,Comdet
1248,Comdet
1249,Comdet
1250,Comdet
1251,Comdet
1252,Comdet
1253,Comdet
1254,Comdet
1255,Comdet
1256,Comdet
1257,Comdet
1258,Comdet
1259,Comdet
1260,Comdet
1261,Comdet
1262,Comdet
1263,Comdet
1264,Comdet
1265,Comdet
1266,Comdet
1267,Comdet
1268,Comdet
1269,Comdet
1270,Comdet
1271,Comdet
1272,Comdet
1273,Comdet
1274,Comdet
1275,Comdet
1276,Comdet
1277,Comdet
1278,Comdet
1279,Comdet
1280,Comdet
1281,Comdet
1282,Comdet
1283,Comdet
1284,Comdet
1285,Comdet
1286,Comdet
1287,Comdet
1288,Comdet
1289,Comdet
1290,Comdet
1291,Comdet
1292,Comdet
1293,Comdet
1294,Comdet
1295,Comdet
1296,Comdet
1297,Comdet
1298,Comdet
1299,Comdet
1300,Comdet
1301,Comdet
1302,Comdet
1303,Comdet
1304,Comdet
1305,Comdet
1306,Comdet
1307,Comdet
1308,Comdet
1309,Comdet
1310,Comdet
1311,Comdet
1312,Comdet
1313,Comdet
1314,Comdet
1315,Comdet
1316,Comdet
1317,Comdet
1318,Comdet
1319,Comdet
1320,Comdet
1321,Comdet
1322,Comdet
1323,Comdet
1324,Comdet
1325,Comdet
1326,Comdet
1327,Comdet
1328,Comdet
1329,Comdet
1330,Comdet
1331,Comdet
1332,Comdet
1333,Comdet
1334,Comdet
1335,Comdet
1336,Comdet
1337,Comdet
1338,Comdet
1339,Comdet
1340,Comdet
1341,Comdet
1342,Comdet
1343,Comdet
1344,Comdet
1345,Comdet
1346,Comdet
1347,Comdet
1348,Comdet
1349,Comdet
1350,Comdet
1351,Comdet
1352,Comdet
1353,Comdet
1354,Comdet
1355,Comdet
1356,Comdet
1357,Comdet
1358,Comdet
1359,Comdet
1360,Comdet
1361,Comdet
1362,Comdet
1363,Comdet
1364,Comdet
1365,Comdet
1366,Comdet
1367,Comdet
1368,Comdet
1369,Comdet
1370,Comdet
1371,Comdet
1372,Comdet
1373,Comdet
1374,Comdet
1375,Comdet
1376,Comdet
1377,Comdet
1378,Comdet
1379,Comdet
1380,Comdet
1381,Comdet
1382,Comdet
1383,Comdet
1384,Comdet
1385,Comdet
1386,Comdet
1387,Comdet
1388,Comdet
1389,Comdet
1390,Comdet
1391,Comdet
1392,Comdet
1393,Comdet
1394,Comdet
1395,Comdet
1396,Comdet
1397,Comdet
1398,Comdet
1399,Comdet
1400,Comdet
1401,Comdet
1402,Comdet
1403,Comdet
1404,Comdet
1405,Comdet
1406,Comdet
1407,Comdet
1408,Comdet
1409,Comdet
1410,Comdet
1411,Comdet
1412,Comdet
1413,Comdet
1414,Comdet
1415,Comdet
1416,Comdet
1417,Comdet
1418,Comdet
1419,Comdet
1420,Comdet
1421,Comdet
1422,Comdet
1423,Comdet
1424,Comdet
1425,Comdet
1426,Comdet
1427,Comdet
1428,Comdet
1429,Comdet
1430,Comdet
1431,Comdet
1432,Comdet
1433,Comdet
1434,Comdet
1435,Comdet
1436,Comdet
1437,Comdet
1438,Comdet
1439,Comdet
1440,Comdet
1441,Comdet
1442,Comdet
1443,Comdet
1444,Comdet
1445,Comdet
1446,Comdet
1447,Comdet
1448,Comdet
1449,Comdet
1450,Comdet
1451,Comdet
1452,Comdet
1453,Comdet
1454,Comdet
1455,Comdet
1456,Comdet
1457,Comdet
1458,Comdet
1459,Comdet
1460,Comdet
1461,Comdet
1462,Comdet
1463,Comdet
1464,Comdet
1465,Comdet
1466,Comdet
1467,Comdet
1468,Comdet
1469,Comdet
1470,Comdet
1471,Comdet
1472,Comdet
1473,Comdet
1474,Comdet
1475,Comdet
1476,Comdet
1477,Comdet
1478,Comdet
1479,Comdet
1480,Comdet
1481,Comdet
1482,Comdet
1483,Comdet
1484,Comdet
1485,Comdet
1486,Comdet
1487,Comdet
1488,Comdet
1489,Comdet
1490,Comdet
1491,Comdet
1492,Comdet
1493,Comdet
1494,Comdet
1495,Comdet
1496,Comdet
1497,Comdet
1498,Comdet
1499,Comdet
